{
  "timestamp": "2026-04-23 22:53:22",
  "iterations": 10000000,
  "leagues": {
    "NBA": {
      "OKC": 0.2342762,
      "PHX": 0.0051097,
      "DEN": 0.0788674,
      "DAL": 0.0234296,
      "MIN": 0.1234193,
      "LAL": 0.0200394,
      "CLE": 0.0369731,
      "GSW": 0.0095183,
      "BOS": 0.284717,
      "MIA": 0.001493,
      "MIL": 0.0846035,
      "IND": 0.0046507,
      "NYK": 0.0573401,
      "PHI": 0.0262094,
      "ORL": 0.0093533
    }
  }
}