{
  "sport": "football",
  "weights": [
    0.008748358356454225,
    0,
    0
  ],
  "bias": 0.14151252940269404,
  "trainSize": 172,
  "testSize": 74,
  "trainedAt": "2026-03-26T06:30:26.932Z"
}