{
  "version": "V3.2-STABILITY-HARDENED",
  "features": [
    "OffRating",
    "DefRating",
    "TOVRate",
    "RoadTrip",
    "TZShift",
    "is3in4",
    "NetRatingStd",
    "TSStd"
  ],
  "weights": [
    0.32747937534324906,
    -0.3434850802296612,
    0.053312142691455476,
    -0.10009222148590667,
    0,
    0.02866076295720698,
    0.010496143791391226,
    -0.06738618851086284
  ],
  "bias": -0.11499054300516337,
  "calibration": {
    "A": -0.03810671039907233,
    "B": -0.335166436332873
  },
  "normalization": {
    "means": [
      -0.008250717994701404,
      -0.034233508508295145,
      0.002824912390408873,
      -0.13821138211382114,
      0,
      -0.028455284552845527,
      0.07918184581053614,
      0.00025341969596411344
    ],
    "stds": [
      3.8587283491795588,
      3.7400876866271093,
      1.870139201360771,
      1.975151340304418,
      1,
      0.582493517444644,
      2.2267448563558205,
      0.008639793319800623
    ]
  },
  "trainedAt": "2026-03-26T17:56:18.179Z",
  "samples": 3690
}