{
  "nba": {
    "weights": [
      0.5469473459566059,
      0,
      -0.0382165695828946
    ],
    "bias": 0.10572344412565275,
    "seasonNormalization": {
      "2022-2023": {
        "mean": [
          0.0007792207792207792,
          0,
          0.9574983485564085
        ],
        "std": [
          0.29999898802325514,
          1,
          0.5684169221517894
        ]
      },
      "2023-2024": {
        "mean": [
          0,
          0,
          0.9548822328499702
        ],
        "std": [
          0.29999999999999993,
          1,
          0.569836028106762
        ]
      },
      "2024-2025": {
        "mean": [
          -0.0006681514476614699,
          0,
          0.9596308615821464
        ],
        "std": [
          0.29999925595514965,
          1,
          0.5672485930170553
        ]
      }
    },
    "calibration": {
      "A": 0.9021256526523779,
      "B": -0.3772211031793693
    },
    "trainedAt": "2026-03-26T09:23:34.263Z",
    "metrics": {
      "samples": 1200,
      "trainSetSize": 840
    }
  }
}