{
  "version": "V3.3-SCIENTIFIC-HARDENED",
  "weights": [
    0.28732175559954154,
    0.043256056347792816,
    0.12744205387124816,
    0.03960934646099857,
    -0.00400598626253229
  ],
  "bias": -0.2380812577621953,
  "calibration": {
    "A": -0.035895184330953386,
    "B": -0.057349229760461945
  },
  "normalization": {
    "means": [
      0.08364361937730257,
      -0.0004997613788677344,
      -6.643089430894275,
      0.04065040650406504,
      -0.013008130081300813
    ],
    "stds": [
      4.023331439981877,
      0.015084949251945966,
      496.8227567064755,
      0.9975447418189984,
      0.5002372363357532
    ]
  },
  "trainedAt": "2026-03-26T11:37:26.070Z",
  "samples": 1230
}