{
  "version": "V3.3.3-FINAL",
  "weights": [
    0.10106361523805064,
    -0.24188950510494392,
    -0.08112806775419464,
    0.6455244151221101,
    0.017473561334886374,
    0.10331417176161886,
    0.02651224826870372,
    0.0750800136996319
  ],
  "bias": 0.26108169186451,
  "calibration": {
    "A": 1.2434413181198232,
    "B": -0.11721911307198522
  },
  "normalization": {
    "means": [
      -0.1747414939649916,
      -0.43731176010323275,
      0.045645206137642426,
      -0.07571138211382114,
      -0.06589537908487265,
      0.17535720324704948,
      -0.1424458621687077,
      0.00023021530540589855
    ],
    "stds": [
      8.000533627621483,
      8.385510346001153,
      2.513620509073426,
      6.172145953620731,
      3.9371924054828047,
      5.517990587118846,
      5.084650698366197,
      0.04461073793741576
    ]
  },
  "experiment": "B",
  "samples": 3690
}