{
  "football": {
    "weights": [
      0.0046213728183718715,
      0,
      0
    ],
    "bias": 0.2159299872191693,
    "calibration": {
      "A": -0.7286445527464476,
      "B": 0.45720471887350334
    },
    "metrics": {
      "trainSize": 190,
      "calSize": 41,
      "testSize": 41
    },
    "trainedAt": "2026-03-26T06:44:36.846Z"
  }
}