{
  "version": "V3.3-SCIENTIFIC-HARDENED",
  "weights": [
    0.2881619001502614,
    0.037367552557710945,
    0.12962385440068822,
    0.03614460228859519,
    -0.006638536397845079
  ],
  "bias": -0.23857898944980158,
  "calibration": {
    "A": -0.006613349663830842,
    "B": -0.09153928705851834
  },
  "normalization": {
    "means": [
      0.08364361937730251,
      -0.0004997613788677345,
      -6.6430894308942765,
      0.04065040650406504,
      -0.013008130081300813
    ],
    "stds": [
      4.0233314399818765,
      0.01508494925194597,
      496.8227567064755,
      0.9975447418189983,
      0.5002372363357532
    ]
  },
  "trainedAt": "2026-03-26T11:15:03.516Z",
  "samples": 1230
}