{
  "weights": [
    0.0059954762847456685,
    -0.17903018582736535,
    -0.3303512616337961
  ],
  "bias": 0.025643948769269315,
  "trainSize": 21,
  "testSize": 9,
  "trainedAt": "2026-03-25T12:42:55.018Z"
}